Transaction Date,Value Date,Description,Cheque Number.,Reference Number,Transaction Code,Debit,Credit,Transaction Type,Customer Reference Number
31/05/26,31/05/26,PB KE ANDREI CHESNOKOV 4138125896 New PeB 09:17:46 0805151601501253,,0805151601501253,67,"700,000.00",0,D,
30/05/26,30/05/26,PB KE ANDREI CHESNOKOV 4138125896 New PeB 08:03:46 0805150601498552,,0805150601498552,67,"1,000,000.00",0,D,
29/05/26,29/05/26,TRF DARI MIDTRANS`PT BANK DANAMONG201906984 2905,,7101261490029759,803,0,"1,414,032.00",C,
28/05/26,28/05/26,PB KE ANDREI CHESNOKOV 4138125896 New PeB 17:23:52 0805148601489283,,0805148601489283,67,"1,500,000.00",0,D,
27/05/26,27/05/26,PB KE ANDREI CHESNOKOV 4138125896 New PeB 22:05:52 0805147601485412,,0805147601485412,67,"1,000,000.00",0,D,
27/05/26,27/05/26,PB KE ANDREI CHESNOKOV 4138125896 New PeB 13:23:18 0805147601485123,,0805147601485123,67,"5,000,000.00",0,D,
26/05/26,26/05/26,TRF DARI MIDTRANS`PT BANK DANAMONG201906984 2605,,7101261460004314,803,0,"383,298.00",C,
25/05/26,25/05/26,TRF DARI MIDTRANS`PT BANK DANAMONG201906984 2405,,7101261450013754,803,0,"824,190.00",C,
25/05/26,25/05/26,TRF DARI MIDTRANS`PT BANK DANAMONG201906984 2505,,7101261450011041,803,0,"451,815.00",C,
25/05/26,25/05/26,TRF DARI MIDTRANS`PT BANK DANAMONG201906984 2305,,7101261450006465,803,0,"737,799.00",C,
22/05/26,22/05/26,TRF DARI MIDTRANS`PT BANK DANAMONG201906984 2205,,7101261420008086,803,0,"492,528.00",C,
21/05/26,21/05/26,TRF DARI MIDTRANS`PT BANK DANAMONG201906984 2105,,7101261410003631,803,0,"594,807.00",C,
20/05/26,20/05/26,TRF DARI MIDTRANS`PT BANK DANAMONG201906984 2005,,7101261400004548,803,0,"590,835.00",C,
19/05/26,19/05/26,TRF DARI MIDTRANS`PT BANK DANAMONG201906984 1905,,9231261390000631,803,0,"560,052.00",C,
18/05/26,18/05/26,TRF DARI MIDTRANS`PT BANK DANAMONG201906984 1805,,9231261380023911,803,0,"681,198.00",C,
18/05/26,18/05/26,TRF DARI MIDTRANS`PT BANK DANAMONG201906984 1705,,7101261380019727,803,0,"673,254.00",C,
18/05/26,18/05/26,TRF DARI MIDTRANS`PT BANK DANAMONG201906984 1605,,9231261380005499,803,0,"1,695,051.00",C,
15/05/26,15/05/26,Biaya Adm. Online Franchise (Ade Suhaidi) 0897132929653467,,0897132929653467,559,"7,500.00",0,D,
15/05/26,15/05/26,TRF KE ADE SUHAIDI APRI 14900140910BANK MANDIRI PeB via Base24 16:55:08,5152026,0897132929653467,374,"574,324.00",0,D,
13/05/26,13/05/26,TRF DARI MIDTRANS`PT BANK DANAMONG201906984 1305,,9231261330001480,803,0,"428,976.00",C,
12/5/26,12/5/26,Biaya Adm. Online Franchise (Dewa)0897132929653592,,0897132929653592,559,"7,500.00",0,D,
12/5/26,12/5/26,TRF KE I DEWA GEDE PUTR 14500132387BANK MANDIRI PeB via Base24 11:57:16,5122026,0897132929653592,374,"26,130.00",0,D,
12/5/26,12/5/26,Biaya Adm. Online Franchise (Poltekes) 0897132929653543,,0897132929653543,559,"7,500.00",0,D,
12/5/26,12/5/26,Biaya Adm. Online Franchise (Indradewi) 0897132929653388,,0897132929653388,559,"7,500.00",0,D,
12/5/26,12/5/26,TRF KE RPL 037 BLU POLI 14500129999BANK MANDIRI PeB via Base24 11:57:13,5122026,0897132929653543,374,"52,528.00",0,D,
12/5/26,12/5/26,TRF KE ANAK AGUNG GEDE 00370341784BANK DANAMON PeB via Base24 11:57:13,5122026,0897132929653388,374,"919,084.00",0,D,
12/5/26,12/5/26,TRF DARI MIDTRANS`PT BANK DANAMONG201906984 1205,,7101261320002203,803,0,"434,934.00",C,
11/5/26,11/5/26,PAY BIZNET 8831001000761965 PeB 12:06:43                     0897131929646639,,0897131929646639,425,"1,165,500.00",0,D,
11/5/26,11/5/26,TRF DARI MIDTRANS`PT BANK DANAMONG201906984 1105,,7101261310006809,803,0,"607,716.00",C,
11/5/26,11/5/26,TRF DARI MIDTRANS`PT BANK DANAMONG201906984 0905,,7101261310003112,803,0,"758,652.00",C,
11/5/26,11/5/26,TRF DARI MIDTRANS`PT BANK DANAMONG201906984 1005,,7101261310003615,803,0,"627,576.00",C,
10/5/26,10/5/26,Biaya adm. bulan MEI 2026,,,180,"10,000.00",0,D,
8/5/26,8/5/26,TRF LLG KE MADE MEYTA RIANA 0400510296 BANK CENTRAL ASIA DENPASAR PeB 12:05:39 KE and ME location rental 0897128929632389,,0897128929632389,372,"6,000,000.00",0,D,
8/5/26,8/5/26,BIAYA ADM. TRF LLG KE MADE MEYTA RIANA 0400510296 BANK CENTRAL ASIA DENPASAR PeB 12:05:39 KE and ME location rental 0897128929632389,,0897128929632389,50,"2,500.00",0,D,
8/5/26,8/5/26,PB DARI ANDREI CHESNOKOV Permata ME11:59:00 -,,,68,0,"500,000.00",C,
8/5/26,8/5/26,TRF DARI MIDTRANS`PT BANK DANAMONG201906984 0805,,7101261280003531,803,0,"650,415.00",C,
7/5/26,7/5/26,TRF DARI MIDTRANS`PT BANK DANAMONG201906984 0705,,7101261270005378,803,0,"510,402.00",C,
6/5/26,6/5/26,TRF DARI MIDTRANS`PT BANK DANAMONG201906984 0605,,9231261260001116,803,0,"526,290.00",C,
5/5/26,5/5/26,TRF DARI MIDTRANS`PT BANK DANAMONG201906984 0505,,9231261250000802,803,0,"620,625.00",C,
4/5/26,4/5/26,TRF DARI MIDTRANS`PT BANK DANAMONG201906984 0405,,7101261240021339,803,0,"1,038,678.00",C,
4/5/26,4/5/26,TRF DARI MIDTRANS`PT BANK DANAMONG201906984 0305,,7101261240005030,803,0,"894,693.00",C,
4/5/26,4/5/26,TRF DARI MIDTRANS`PT BANK DANAMONG201906984 0205,,7101261240004002,803,0,"1,384,242.00",C,
2/5/26,2/5/26,PB KE ANDREI CHESNOKOV 4138125896 PeB 08:15:36 0897122929581504,,0897122929581504,67,"1,400,000.00",0,D,
