source_id,title,authority,source_type,official_url,downloaded_file,sha256,topic,subtopic,language,document_number,effective_from,effective_to,retrieved_at,trust_level,status,verification_status,currentness_result,currentness_checked_at,currentness_status_source,currentness_note,verified_excerpt_notes,notes
DJP_PPN_001,Ketentuan Nilai Lain sebagai Dasar Pengenaan Pajak dan Besaran Tertentu PPN (PMK 11/2025),DJP,regulation,https://www.pajak.go.id/en/node/113878,knowledge/indonesia_official_kb/raw_sources/tax/ppn_vat/DJP_PPN_001.html,7f289680104e11a4b8a6aa37284dd8284ee9fbde46a3818522e5f46e1153fb99,ppn_vat,dpp_nilai_lain,id,PMK 11 Tahun 2025,2025-02-04,,2026-09-02,regulation,collected,fetch_verified,,,,,Title confirmed: PMK 11/2025 'Ketentuan Nilai Lain sebagai Dasar Pengenaan Pajak dan Besaran Tertentu Pajak Pertambahan Nilai'. Archived DJP page for the regulation.,fetch-verified: page retrieved and read; confirms 11/12 DPP nilai lain construction
KEMENKEU_PPN_002,"PMK Nomor 11 Tahun 2025 (PDF, JDIH Kemenkeu)",JDIH Kemenkeu,regulation,https://jdih.kemenkeu.go.id/api/download/52955502-8733-4fdd-98ce-bb03c31cda0b/2025pmkeuangan11.pdf,knowledge/indonesia_official_kb/raw_sources/tax/ppn_vat/KEMENKEU_PPN_002.pdf,373a13e091cc697145b6624aa450c3dc60c8594501e900685964584152b35b6c,ppn_vat,dpp_nilai_lain,id,PMK 11 Tahun 2025,2025-02-04,,2026-09-02,regulation,collected,fetch_verified,,,,,"PRIMARY REGULATION TEXT retrieved and text-extracted (103,878 chars via the repo's own pdfText extractor). Confirms: PMK Nomor 11 Tahun 2025; the 11/12 ('sebelas per dua belas') construction appears 48 times and is applied PER TRANSACTION CATEGORY (self-use, gratuitous transfer, film, inventory, intermediary sales, etc.), NOT as a single blanket rate; 18 references to Pasal 7 ayat (1) of the VAT Law for the rate itself; contains BAB IV Ketentuan Peralihan (Pasal 22).",search-listed on official domain; URL not individually fetched; PRIMARY regulation text — download for reviewer
BPK_PPN_003,PMK No. 11 Tahun 2025 (peraturan.bpk.go.id),Other official,regulation,https://peraturan.bpk.go.id/Details/313574/pmk-no-11-tahun-2025,knowledge/indonesia_official_kb/raw_sources/tax/ppn_vat/BPK_PPN_003.html,80364cee6cb0c17c58087953d8560fe020592c4df4bf92ce925c4273d2d97ac1,ppn_vat,dpp_nilai_lain,id,PMK 11 Tahun 2025,2025-02-04,,2026-09-02,regulation,collected,fetch_verified,,,,,Title confirmed 'PMK No. 11 Tahun 2025' (peraturan.bpk.go.id consolidated record). Archived.,search-listed on official domain; URL not individually fetched; consolidated regulation record
DJP_PPN_004,PMK 131/2024: Tarif PPN Sebelas-Dua Belas,DJP,official_guidance,https://www.pajak.go.id/en/node/113453,knowledge/indonesia_official_kb/raw_sources/tax/ppn_vat/DJP_PPN_004.html,9ebb22a0273df653e337aed501e894a7c3b0b0745a76b6cc6fe0b824b878b79a,ppn_vat,rate,id,PMK 131 Tahun 2024,,,2026-09-02,official_guidance,collected,fetch_verified,,,,,Title confirmed 'PMK 131/2024: Tarif PPN Sebelas-Dua Belas'. Archived; content not mined this pass.,search-listed on official domain; URL not individually fetched
DJP_PPN_005,Pemerintah Terbitkan Aturan DPP Nilai Lain dan Besaran Tertentu PPN,DJP,announcement,https://www.pajak.go.id/en/node/114038,,,ppn_vat,dpp_nilai_lain,id,,,,2026-09-02,announcement,collected,search_listed,,,,,,search-listed on official domain; URL not individually fetched
DJP_PPN_006,Siaran Pers SP-4: Aturan DPP Nilai Lain dan Besaran Tertentu PPN (PDF),DJP,announcement,https://pajak.go.id/sites/default/files/2025-02/SP-4%20PEMERINTAH%20TERBITKAN%20ATURAN%20DPP%20NILAI%20LAIN%20DAN%20BESARAN%20TERTENTU%20PPN.pdf,,,ppn_vat,dpp_nilai_lain,id,SP-4/2025,,,2026-09-02,announcement,collected,search_listed,,,,,,search-listed on official domain; URL not individually fetched
DJP_PPN_007,Perubahan atas PMK 11 Tahun 2025 tentang Nilai Lain sebagai DPP dan Besaran Tertentu PPN,DJP,regulation,https://www.pajak.go.id/en/node/117215,knowledge/indonesia_official_kb/raw_sources/tax/ppn_vat/DJP_PPN_007.html,42d17e4cedca56a151ad6381f1bf5f3b54aa68696295009d8a1e12fbe5ce40e4,ppn_vat,dpp_nilai_lain,id,,,,2026-09-02,regulation,collected,fetch_verified,,,,,Title confirmed 'PERUBAHAN ATAS PERATURAN MENTERI KEUANGAN NOMOR 11 TAHUN 2025...'. Archived text identifies the amending instrument as PMK NOMOR 53 TAHUN 2025 and states in Pasal II that it 'mulai berlaku pada tanggal 1 Agustus 2025'. It deletes Pasal 343 and Pasal 354 and adjusts building-related provisions. GAP CLOSED: the amendment is identified and dated.,search-listed on official domain; URL not individually fetched; AMENDMENT to PMK 11/2025 — reviewer must establish which version is current
DJP_PPN_008,"PPN 2025: Kebijakan Baru, Beban Pajak Tetap Ringan untuk Masyarakat (PDF)",DJP,announcement,https://www.pajak.go.id/sites/default/files/2025-01/SP%201%202025.pdf,,,ppn_vat,rate,id,SP-1/2025,,,2026-09-02,announcement,collected,search_listed,,,,,,search-listed on official domain; URL not individually fetched
DJP_PPN_009,PPN 2025: Kebijakan Baru (halaman),DJP,announcement,https://www.pajak.go.id/en/node/113455,,,ppn_vat,rate,id,,,,2026-09-02,announcement,collected,search_listed,,,,,,search-listed on official domain; URL not individually fetched
KEMENKEU_PPN_010,Pemberlakuan Tarif PPN 12% Sejak Tahun 2025 (Kemenkeu Learning Center),Kemenkeu,official_guidance,https://klc2.kemenkeu.go.id/kms/knowledge/pemberlakuan-tarif-ppn-12-sejak-tahun-2025-fb2ffc8f/detail/,,,ppn_vat,rate,id,,,,2026-09-02,official_guidance,collected,search_listed,,,,,,search-listed on official domain; URL not individually fetched
DJP_PPH23_001,PPh Pasal 23/26 — halaman topik DJP,DJP,portal_page,https://pajak.go.id/en/node/34298,,,pph_23,overview,id,,,,2026-09-02,official_guidance,collected,search_listed,,,,,,search-listed on official domain; URL not individually fetched
DJP_PPH23_002,Pemotongan Pajak Penghasilan - Pasal 23,DJP,official_guidance,https://www.pajak.go.id/en/node/35004,knowledge/indonesia_official_kb/raw_sources/tax/pph_23/DJP_PPH23_002.html,7cf184691b72f0d69401fda511af0c9a89a39258253b04ad492fc15854268143,pph_23,rate_base,id,,,,2026-09-02,official_guidance,collected,fetch_verified,,,,,"Title confirmed 'Pemotongan Pajak Penghasilan - Pasal 23'. Archived text states: PPh 23 on services withheld at 2% of JUMLAH BRUTO nilai jasa, object list per PMK-141/PMK.03/2015; royalti at 15% of jumlah bruto; if the recipient has no NPWP the rate is 100% higher (since 1 Jan 2009); bukti potong issued via e-bupot; reported by the 20th of the following month. NOTE: the page says 'jumlah bruto', it does NOT say 'excluding PPN'.",search-listed on official domain; URL not individually fetched; search summary indicated 2% of DPP and 4% without NPWP — MUST be confirmed against PMK text
DJP_PPH23_003,Jenis Jasa Lain yang atas Imbalannya Dipotong PPh Pasal 23 ayat (1) huruf c,DJP,regulation,https://pajak.go.id/index.php/id/peraturan/jenis-jasa-lain-yang-atas-imbalannya-dipotong-pajak-penghasilan-berdasarkan-pasal-23-0,knowledge/indonesia_official_kb/raw_sources/tax/pph_23/DJP_PPH23_003.html,b692705e1b8d55c8bbdd164c2abc8e36ae7a8165751633da3e7ac7ade7017ad4,pph_23,service_scope,id,,,,2026-09-02,regulation,collected,fetch_verified,,,,,"Title confirmed: the DJP regulation page listing 'jenis jasa lain' under Pasal 23(1)(c) UU 7/1983 as amended by UU 10/1994. Page is a regulation index entry; the operative list is in the instrument itself, which was NOT retrieved.",search-listed on official domain; URL not individually fetched; the 'jasa lain' list is the scoping source for service categories
DJP_PPH23_004,Bendahara Pemerintah Harus Paham: Tidak Semua Jasa Dikenakan PPh Pasal 23,DJP,official_guidance,https://pajak.go.id/en/node/108610,,,pph_23,service_scope,id,,,,2026-09-02,official_guidance,collected,search_listed,,,,,,search-listed on official domain; URL not individually fetched
DJP_PPH23_005,Salah Kaprah Pengenaan PPh Pasal 21 dan PPh Pasal 23 atas Jasa,DJP,official_guidance,https://pajak.go.id/en/artikel/salah-kaprah-pengenaan-pph-pasal-21-dan-pph-pasal-23-atas-jasa,knowledge/indonesia_official_kb/raw_sources/tax/pph_23/DJP_PPH23_005.html,ec9c9ece5df39dd7d9304662a6115692a7a83d334a4661bd554592a5df3e82df,pph_23,service_scope,id,,,,2026-09-02,official_guidance,collected,fetch_verified,,,,,"Title confirmed 'Salah Kaprah Pengenaan PPh Pasal 21 dan PPh Pasal 23 atas Jasa'. Archived text confirms the entity-vs-individual distinction is a real and common error: service fees to an ORANG PRIBADI fall under PPh 21, to a BADAN USAHA under PPh 23.",search-listed on official domain; URL not individually fetched; relevant to distinguishing individual (PPh21) vs entity (PPh23) service providers
DJP_PPH23_006,Konsultan — perlakuan PPh atas jasa konsultan,DJP,official_guidance,https://pajak.go.id/en/node/37829,knowledge/indonesia_official_kb/raw_sources/tax/pph_23/DJP_PPH23_006.html,11900c3022d98f15f8bf3a325762103506b093ba50b3a70d66c44ed63412c483,pph_23,professional_services,id,,,,2026-09-02,official_guidance,collected,fetch_verified,,,,,Title confirmed 'Konsultan'. Retrieved and archived; detailed content not mined this pass.,search-listed on official domain; URL not individually fetched; directly relevant to Test Case 1 (legal/paralegal)
DJP_PPH23_007,Penyuluh Sukoharjo: Pemotongan PPh 23 Tanpa Batas Minimum Transaksi,DJP,official_guidance,https://www.pajak.go.id/en/node/96285,,,pph_23,threshold,id,,,,2026-09-02,official_guidance,collected,search_listed,,,,,,search-listed on official domain; URL not individually fetched
DJP_PPH23_008,Jasa Hotel Dipotong PPh Pasal 23?,DJP,official_guidance,https://pajak.go.id/en/node/37766,,,pph_23,service_scope,id,,,,2026-09-02,official_guidance,collected,search_listed,,,,,,search-listed on official domain; URL not individually fetched
KEMENKEU_PPH23_009,Pajak Penghasilan Pasal 23 — DJPb Kemenkeu (KPPN Tapaktuan),Kemenkeu,official_guidance,https://djpb.kemenkeu.go.id/kppn/tapaktuan/id/informasi/perpajakan/pph-pasal-23.html,knowledge/indonesia_official_kb/raw_sources/tax/pph_23/KEMENKEU_PPH23_009.html,6ce514a335aa0d78614470ed4bea5a0ea91c78c80c3cd7b7c5ebad381825b4bb,pph_23,rate_base,id,,,,2026-09-02,official_guidance,collected,fetch_verified,,,,,Title confirmed 'Pajak Penghasilan Pasal 23' (DJPb Kemenkeu). Archived; content not mined this pass.,search-listed on official domain; URL not individually fetched
KEMENKEU_PPH23_010,PPh Pasal 23 — DJPb Kemenkeu (KPPN Banda Aceh),Kemenkeu,official_guidance,https://djpb.kemenkeu.go.id/kppn/bandaaceh/id/layanan/perpajakan/pph-pasal-23.html,,,pph_23,rate_base,id,,,,2026-09-02,official_guidance,collected,search_listed,,,,,,search-listed on official domain; URL not individually fetched
DJP_PPH42_001,PPh Pasal 4 ayat (2) — halaman topik DJP,DJP,portal_page,https://pajak.go.id/en/node/34297,,,pph_4_2,overview,id,,,,2026-09-02,official_guidance,collected,search_listed,,,,,,search-listed on official domain; URL not individually fetched
DJP_PPH42_002,Pemotongan Pajak Penghasilan - Pasal 4 Ayat (2),DJP,official_guidance,https://pajak.go.id/en/node/35022,knowledge/indonesia_official_kb/raw_sources/tax/pph_4_2/DJP_PPH42_002.html,42de5946abca061c98b7fbb41111e9166326acb5af1abfd44775543408a9b189,pph_4_2,rental,id,,,,2026-09-02,official_guidance,collected,fetch_verified,,,,,"Title confirmed 'Pemotongan Pajak Penghasilan - Pasal 4 Ayat (2)'. Archived text states: a Wajib Pajak Badan tenant withholds PPh 4(2) at 10% of JUMLAH BRUTO nilai persewaan tanah dan/atau bangunan; bukti potong via e-SPT PPh 4(2); billing code MAP-KJS 411128-403. It also states that where the counterparty is an Orang Pribadi, the recipient self-deposits 10%. NOTE: the page does NOT define whether 'jumlah bruto' includes service charges.",search-listed on official domain; URL not individually fetched; search summary indicated 10% final of gross rental — MUST be confirmed against PP text
DJP_PPH42_003,Pemotongan Pajak Penghasilan - Pasal 4 Ayat (2) (halaman kedua),DJP,official_guidance,https://www.pajak.go.id/en/node/35073,knowledge/indonesia_official_kb/raw_sources/tax/pph_4_2/DJP_PPH42_003.html,5fdae0edca213b1d49933646994a32978ccf1127faa3f73e17e8f26fbe349653,pph_4_2,rental,id,,,,2026-09-02,official_guidance,collected,fetch_verified,,,,,Title confirmed (second PPh 4(2) page). Archived; content not mined this pass.,search-listed on official domain; URL not individually fetched
DJP_PPH42_004,Pembayaran Sendiri PPh Final Pasal 4 ayat 2 Orang Pribadi,DJP,official_guidance,https://www.pajak.go.id/en/node/34991,,,pph_4_2,self_payment,id,,,,2026-09-02,official_guidance,collected,search_listed,,,,,,search-listed on official domain; URL not individually fetched; relevant when the landlord (not tenant) remits
DJP_PPH42_005,Wajib Pajak Pahami Mekanisme PPh Setor Sendiri,DJP,official_guidance,https://www.pajak.go.id/en/node/114919,,,pph_4_2,self_payment,id,,,,2026-09-02,official_guidance,collected,search_listed,,,,,,search-listed on official domain; URL not individually fetched
DJP_PPH42_006,Waspadai Salah Tarif PPh Biaya Layanan Gedung,DJP,official_guidance,https://www.pajak.go.id/index.php/en/node/25637,knowledge/indonesia_official_kb/raw_sources/tax/pph_4_2/DJP_PPH42_006.html,ed0fc790e22007481ef7a6ac2cd6441e7d4e7071ec350ba1fe06a080ffa8ad15,pph_4_2,service_charge,id,,,,2026-09-02,official_guidance,collected,fetch_verified,,,,,"Title confirmed 'Waspadai Salah Tarif PPh Biaya Layanan Gedung!'. Archived text states that services provided by a THIRD-PARTY provider fall within 'jasa manajemen', so the fee paid by the building owner to that provider is subject to PPh at 2% under Pasal 23 UU PPh. This is direct support that a building service charge can be PPh 23 rather than PPh 4(2) rental — but the page frames it as one scenario, not a general boundary test.",search-listed on official domain; URL not individually fetched; DIRECTLY relevant to Test Case 2 — service charge vs rent treatment
KEMENKEU_PPH21_001,"PMK Nomor 168 Tahun 2023 — PPh Pasal 21 (PDF, JDIH Kemenkeu)",JDIH Kemenkeu,regulation,https://jdih.kemenkeu.go.id/api/download/e60a82e0-b218-40f5-9d18-b924aa1e11ce/2023pmkeuangan168.pdf,knowledge/indonesia_official_kb/raw_sources/tax/pph_21/KEMENKEU_PPH21_001.pdf,6b06a241f9cd6fc64eacf3ee6b5cc6a8d78571a699d3cb7e039d6e5a56c30858,pph_21,ter,id,PMK 168 Tahun 2023,,,2026-09-02,regulation,collected,fetch_verified,,,,,"PDF archived and hashed (5,374,488 bytes), PMK 168/2023. pdfText reports text_available=false — NO extractable text layer, CONTENT NOT READ. Bytes preserved for a reviewer.",search-listed on official domain; URL not individually fetched; PRIMARY regulation text
DJP_PPH21_002,"PMK 168 Tahun 2023 Tentang PPh Pasal 21 TER (PDF, DJP mirror)",DJP,regulation,https://pajak.go.id/sites/default/files/2024-02/PMK%20168%20Tahun%202023%20Tentang%20PPh%20Pasal%2021%20TER.pdf,,,pph_21,ter,id,PMK 168 Tahun 2023,,,2026-09-02,regulation,collected,search_listed,,,,,,search-listed on official domain; URL not individually fetched
BPK_PPH21_003,PMK No. 168 Tahun 2023 (peraturan.bpk.go.id),Other official,regulation,https://peraturan.bpk.go.id/Details/286951/pmk-no-168-tahun-2023,,,pph_21,ter,id,PMK 168 Tahun 2023,,,2026-09-02,regulation,collected,search_listed,,,,,,search-listed on official domain; URL not individually fetched
DJP_PPH21_004,PMK 168 Tahun 2023 PPh Pasal 21 TER — penjelasan DJP,DJP,official_guidance,https://www.pajak.go.id/en/node/104509,,,pph_21,ter,id,PMK 168 Tahun 2023,,,2026-09-02,official_guidance,collected,search_listed,,,,,,"search-listed on official domain; URL not individually fetched; TER = monthly average effective rate table, Jan-Nov; not a single flat rate"
DJP_PPH21_005,Live Instagram KPP Gropet: PPh Pasal 21 TER,DJP,official_guidance,https://pajak.go.id/en/node/108024,,,pph_21,ter,id,,,,2026-09-02,official_guidance,collected,search_listed,,,,,,search-listed on official domain; URL not individually fetched
DJP_PPHBADAN_001,WP OP UMKM: Fasilitas PPh Final dan Ketentuan Umum,DJP,official_guidance,https://www.pajak.go.id/en/node/113050,knowledge/indonesia_official_kb/raw_sources/tax/pph_badan/DJP_PPHBADAN_001.html,16fadae0088f3f348cf6624b06f28268011c45a05eb17dbf97f7dc4f20505131,pph_badan,umkm_final,id,PP 55 Tahun 2022,,,2026-09-02,official_guidance,collected,fetch_verified,,,,,Title confirmed 'WP OP UMKM: Fasilitas PPh Final dan Ketentuan Umum'. Archived; not mined this pass.,"search-listed on official domain; URL not individually fetched; search summary indicated 0.5% final on monthly gross turnover, threshold Rp4.8bn/yr"
DJP_PPHBADAN_002,DJP Perjelas Teknis Pengaturan Pajak UMKM,DJP,official_guidance,https://www.pajak.go.id/en/node/104146,,,pph_badan,umkm_final,id,PP 55 Tahun 2022,,,2026-09-02,official_guidance,collected,search_listed,,,,,,search-listed on official domain; URL not individually fetched
DJP_PPHBADAN_003,"PP 20/2026: Tarif PPh 0,5% bagi UMKM Orang Pribadi Berlaku Selamanya",DJP,announcement,https://www.pajak.go.id/en/node/119950,,,pph_badan,umkm_final,id,PP 20 Tahun 2026,,,2026-09-02,announcement,collected,search_listed,,,,,,search-listed on official domain; URL not individually fetched; NEWER instrument — reviewer must establish interaction with PP 55/2022
DJP_PPHBADAN_004,Partisipasi Terakhir Tarif Setengah Persen,DJP,official_guidance,https://pajak.go.id/en/node/113670,,,pph_badan,umkm_final,id,,,,2026-09-02,official_guidance,collected,search_listed,,,,,,search-listed on official domain; URL not individually fetched
DJP_PPHBADAN_005,"Wajib Pajak UMKM, Kenali Hak dan Kewajiban Perpajakannya",DJP,official_guidance,https://www.pajak.go.id/index.php/en/node/102676,,,pph_badan,umkm_final,id,,,,2026-09-02,official_guidance,collected,search_listed,,,,,,search-listed on official domain; URL not individually fetched
DJP_CORETAX_001,Coretaxpedia — FAQ Coretax,DJP,faq,https://pajak.go.id/coretaxpedia/,knowledge/indonesia_official_kb/raw_sources/tax/coretax/DJP_CORETAX_001.html,d90d43ef3fbf9a56934d3b79fbd6deb1cb95ca6a207ba6fdbcf63041d59705e1,coretax,faq,id,,,,2026-09-02,faq,collected,fetch_verified,,,,,"Title confirmed 'Coretaxpedia'. Archived (15,377 chars of FAQ text); not mined this pass.",search-listed on official domain; URL not individually fetched
DJP_CORETAX_002,Buku Panduan Coretax DJP,DJP,user_guide,https://pajak.go.id/coretaxpedia/buku-panduan-coretax-djp,,,coretax,user_guide,id,,,,2026-09-02,official_guidance,collected,search_listed,,,,,,search-listed on official domain; URL not individually fetched
DJP_CORETAX_003,Coretax — halaman utama DJP,DJP,portal_page,https://www.pajak.go.id/en/node/107868,,,coretax,overview,id,,,,2026-09-02,official_guidance,collected,search_listed,,,,,,search-listed on official domain; URL not individually fetched
DJP_CORETAX_004,Panduan Ringkas Coretax DJP,DJP,user_guide,https://www.pajak.go.id/en/node/113547,knowledge/indonesia_official_kb/raw_sources/tax/faktur_pajak/DJP_CORETAX_004.html,61e786bb69838794510684aca09c011de8e4981b2901eab0f7cc4de88c5853a3,coretax,user_guide,id,,,,2026-09-02,official_guidance,collected,fetch_verified,,,,,Title confirmed 'Panduan Ringkas Coretax DJP'. Archived page is a short landing/download stub (819 chars of text); the guide itself is a linked PDF that was NOT downloaded.,"search-listed on official domain; URL not individually fetched; covers registration, payment, bukti potong, SPT, faktur pajak business processes"
DJP_CORETAX_005,FAQ Coretax (halaman DJP),DJP,faq,https://www.pajak.go.id/index.php/en/node/107900,,,coretax,faq,id,,,,2026-09-02,faq,collected,search_listed,,,,,,search-listed on official domain; URL not individually fetched
DJP_CORETAX_006,Keterangan Tertulis Pembaruan Informasi Implementasi Coretax DJP,DJP,announcement,https://pajak.go.id/en/node/113732,,,coretax,implementation,id,,,,2026-09-02,announcement,collected,search_listed,,,,,,search-listed on official domain; URL not individually fetched
DJP_BUPOT_001,"Buku Manual Coretax — Seri Bukti Potong PPh (PDF, v1.0 3 Feb 2025)",DJP,user_guide,https://www.pajak.go.id/sites/default/files/2025-02/Buku%20Manual%20Coretax%202024%20-%20Seri%20Bukti%20Potong%20PPh.pdf,knowledge/indonesia_official_kb/raw_sources/tax/bukti_potong/DJP_BUPOT_001.pdf,94bc1cc4599519f744b52ece9a816dab3f74d24a29b177a8db8c3d7fd7e63709,bukti_potong,coretax_manual,id,,2025-02-03,,2026-09-02,official_guidance,collected,fetch_verified,,,,,"PDF archived and hashed (2,825,675 bytes). The repo's pdfText extractor reports text_available=false — the file carries NO extractable embedded text layer, so its CONTENT WAS NOT READ. Bytes are preserved for a reviewer; no factual claim is made from it.",search-listed on official domain; URL not individually fetched; PRIMARY operational manual for bukti potong — highest value for evidence rules
DJP_BUPOT_002,Petugas Pajak Beri Asistensi Penggunaan E-Bupot di Coretax DJP,DJP,official_guidance,https://pajak.go.id/en/node/114234,knowledge/indonesia_official_kb/raw_sources/tax/bukti_potong/DJP_BUPOT_002.html,50fcd1dfafbba0e34dc67e73c613609c3fd11334990431eeda18a987efd786ce,bukti_potong,e_bupot,id,,,,2026-09-02,official_guidance,collected,fetch_verified,,,,,Title confirmed 'Petugas Pajak Beri Asistensi Penggunaan E-Bupot di Coretax DJP'. Archived; supports that e-Bupot is used within Coretax.,search-listed on official domain; URL not individually fetched; e-Bupot moved into Coretax from 1 Jan 2025
DJP_FAKTUR_001,Coretax — proses bisnis Faktur Pajak (dalam Panduan Ringkas),DJP,user_guide,https://www.pajak.go.id/en/node/113547,,,faktur_pajak,coretax,id,,,,2026-09-02,official_guidance,collected,search_listed,,,,,,search-listed on official domain; URL not individually fetched; faktur pajak process is a section of the Panduan Ringkas; a dedicated PER on faktur pajak is still a GAP
DJP_TOOL_001,Kalkulator Pajak DJP,DJP,portal_page,https://kalkulator.pajak.go.id/,,,withholding,calculator,id,,,,2026-09-02,official_guidance,collected,search_listed,,,,,,search-listed on official domain; URL not individually fetched; useful for cross-checking engine arithmetic against DJP's own calculator
OSS_001,OSS RBA — Sistem Perizinan Berusaha Terintegrasi Secara Elektronik,OSS,portal_page,https://oss.go.id/en,knowledge/indonesia_official_kb/raw_sources/compliance/oss/OSS_001.html,bd0888ca5dec166e2915a2a7a9922a8c86d14371b1b41f413190bb4d78ac4cf7,oss,portal,id,,,,2026-09-02,official_guidance,collected,fetch_verified,,,,,"Title confirmed 'OSS RBA - Sistem Perizinan Berusaha Terintegrasi Secara Elektronik'. Archived, but the page is a client-rendered SPA: only 1,798 chars of static text. Substantive content is NOT in the archived bytes.",search-listed on official domain; URL not individually fetched
OSS_002,OSS Berbasis Risiko — portal perizinan,OSS,portal_page,https://perizinan.oss.go.id/,,,oss,portal,id,,,,2026-09-02,official_guidance,collected,search_listed,,,,,,search-listed on official domain; URL not individually fetched
OSS_003,OSS RBA — Regulations,OSS,portal_page,https://oss.go.id/en/regulasi,knowledge/indonesia_official_kb/raw_sources/compliance/oss/OSS_003.html,3b85e4dbbc05681deb8c9f900529c810c4737ced9df16be1814c01947770da7e,business_licenses,regulations_index,id,,,,2026-09-02,official_guidance,collected,fetch_verified,,,,,"Title confirmed 'OSS RBA - Regulations'. Archived, but client-rendered: only 509 chars of static text. The regulation list is NOT in the archived bytes.",search-listed on official domain; URL not individually fetched; index of the underlying regulations — best entry point for primary licence law
OSS_KBLI_001,OSS RBA — Klasifikasi Baku Lapangan Usaha Indonesia (KBLI) 2020,OSS,portal_page,https://oss.go.id/en/kbli,knowledge/indonesia_official_kb/raw_sources/compliance/kbli/OSS_KBLI_001.html,910475d7c2582f0abd8aab6d48afd1155ed26560145c283e8b34baf068bc08c5,kbli,kbli_2020,id,KBLI 2020,,,2026-09-02,official_guidance,collected,fetch_verified,,,,,"Title confirmed 'OSS RBA - Klasifikasi Baku Lapangan Usaha Indonesia (KBLI) 2020'. Archived, but client-rendered: only 604 chars. The KBLI list is NOT in the archived bytes.",search-listed on official domain; URL not individually fetched
OSS_KBLI_002,OSS RBA — contoh detail KBLI (portal web tanpa tujuan komersial),OSS,portal_page,https://oss.go.id/en/kbli/detail/8996291c-9ac4-4dc7-8bf2-bad13d545ff4,,,kbli,kbli_detail,id,,,,2026-09-02,official_guidance,collected,search_listed,,,,,,"search-listed on official domain; URL not individually fetched; example of per-KBLI detail page structure, useful for future ingestion mapping"
BKPM_OSS_001,Pengenalan tentang OSS Berbasis Risiko,BKPM,official_guidance,https://www4.bkpm.go.id/id/publikasi/detail/berita/pengenalan-tentang-oss-berbasis-risiko,,,oss,risk_based,id,UU 11 Tahun 2020,,,2026-09-02,official_guidance,collected,unreachable,,,,,Retrieval confirmed; content not mined this pass.,search-listed on official domain; URL not individually fetched; risk tiers R / MR / MT / T | The remote name could not be resolved: 'www4.bkpm.go.id'
BKPM_NIB_001,"Genap Dua Tahun, OSS Berbasis Risiko Sudah Terbitkan Lebih Dari 5 Juta NIB",BKPM,announcement,https://www.bkpm.go.id/index.php/id/info/siaran-pers/genap-dua-tahun-oss-berbasis-risiko-sudah-terbitkan-lebih-dari-5-juta-nib,,,nib,overview,id,,,,2026-09-02,announcement,collected,search_listed,,,,,,search-listed on official domain; URL not individually fetched
BKPM_OSS_002,OSS Berbasis Risiko Permudah Sistem Perizinan UMKM,BKPM,official_guidance,https://www2.bkpm.go.id/id/publikasi/detail/berita/oss-berbasis-risiko-permudah-sistem-perizinan-berusaha-umkm,,,business_licenses,umk,id,,,,2026-09-02,official_guidance,collected,search_listed,,,,,,search-listed on official domain; URL not individually fetched
OSS_LIC_001,Pengajuan Perizinan Berusaha Risiko Menengah Tinggi,OSS,user_guide,https://oss.go.id/en/panduan/69102b5d67aecc64abaeef41,,,business_licenses,medium_high_risk,id,,,,2026-09-02,official_guidance,collected,search_listed,,,,,,search-listed on official domain; URL not individually fetched
OSS_LKPM_001,Laporan Kegiatan Penanaman Modal (LKPM) — panduan OSS,OSS,user_guide,https://oss.go.id/en/panduan/635970086345c7d71a8144b2,,,lkpm,overview,id,,,,2026-09-02,official_guidance,collected,search_listed,,,,,,search-listed on official domain; URL not individually fetched
OSS_LKPM_002,LKPM Non UMK — tahap konstruksi/persiapan,OSS,user_guide,https://oss.go.id/en/panduan/635970086345c7d71a8144e3,,,lkpm,non_umk,id,,,,2026-09-02,official_guidance,collected,search_listed,,,,,,search-listed on official domain; URL not individually fetched
OSS_LKPM_003,Kewajiban Penyampaian LKPM Periode Triwulan I Tahun 2021,OSS,announcement,https://oss.go.id/baca/artikel?id=13,,,lkpm,obligation,id,Peraturan BKPM 6 Tahun 2020,,,2026-09-02,announcement,collected,search_listed,,,,,,search-listed on official domain; URL not individually fetched; cites UU 25/2007 Pasal 15 and Perka BKPM 6/2020; threshold and deadline are period-specific — do not generalise
BKPM_LKPM_001,Penyampaian LKPM — pengumuman BKPM,BKPM,announcement,https://bkpm.go.id/id/info/pengumuman/penyampaian-lkpm,,,lkpm,obligation,id,,,,2026-09-02,announcement,collected,search_listed,,,,,,search-listed on official domain; URL not individually fetched
BKPM_LKPM_002,Kementerian Investasi Ajak Investor Segera Sampaikan LKPM,BKPM,announcement,https://www.bkpm.go.id/id/info/siaran-pers/kementerian-investasi-dan-hilirisasi-ajak-investor-segera-sampaikan-laporan-kegiatan-penanaman-modal,,,lkpm,obligation,id,,,,2026-09-02,announcement,collected,search_listed,,,,,,search-listed on official domain; URL not individually fetched
BKPM_LKPM_003,Kewajiban Penyampaian LKPM Triwulan II dan Semester I Tahun 2018,BKPM,announcement,https://www5.bkpm.go.id/id/publikasi/detail/berita/kewajiban-penyampaian-lkpm-periode-triwulan-ii-dan-semester-i-tahun-2018,,,lkpm,obligation,id,,,,2026-09-02,announcement,collected,search_listed,,,,,,search-listed on official domain; URL not individually fetched; historical — retained only to trace how the obligation was worded over time
BPJSTK_001,Peraturan dan Regulasi BPJS Ketenagakerjaan,BPJS,portal_page,https://www.bpjsketenagakerjaan.go.id/peraturan.html,,,bpjs,regulations_index,id,,,,2026-09-02,official_guidance,collected,search_listed,,,,,,search-listed on official domain; URL not individually fetched; index of BPJS TK regulations — entry point for primary text
BPJSTK_002,Cara Pendaftaran BPJS Ketenagakerjaan,BPJS,official_guidance,https://www.bpjsketenagakerjaan.go.id/cara-mendaftar-jadi-peserta.html,,,bpjs,employer_registration,id,,,,2026-09-02,official_guidance,collected,search_listed,,,,,,search-listed on official domain; URL not individually fetched; registration requires NIB or business licence + NPWP — links compliance KB to company docs
BPJSTK_003,Peraturan BPJS Nomor 1 Tahun 2016 (PDF),BPJS,regulation,https://www.bpjsketenagakerjaan.go.id/assets/uploads/peraturan/16122016_111825_PER%20BPJS%2001%202016.pdf,,,bpjs,regulation,id,PER BPJS 01/2016,,,2026-09-02,regulation,collected,search_listed,,,,,,search-listed on official domain; URL not individually fetched; check whether superseded before any use
BPJSTK_004,Formulir 1 BPJS Ketenagakerjaan — pendaftaran badan usaha (PDF),BPJS,form,https://www.bpjsketenagakerjaan.go.id/assets/uploads/formulir/Formulir_1_BPJS_Ketenagakerjaan.pdf,,,bpjs,forms,id,,,,2026-09-02,official_guidance,collected,search_listed,,,,,,search-listed on official domain; URL not individually fetched; defines required employer registration fields
BPJSTK_005,Formulir 1a BPJS Ketenagakerjaan — pendaftaran/perubahan data pekerja (PDF),BPJS,form,https://www.bpjsketenagakerjaan.go.id/assets/uploads/formulir/Formulir_1a_BPJS_Ketenagakerjaan.pdf,,,bpjs,forms,id,,,,2026-09-02,official_guidance,collected,search_listed,,,,,,search-listed on official domain; URL not individually fetched
BPK_PPH42_PP34_001,PP Nomor 34 Tahun 2017 — teks lengkap (PDF),Other official,law,https://peraturan.bpk.go.id/Download/54909/PP%20Nomor%2034%20Tahun%202017.pdf,knowledge/indonesia_official_kb/raw_sources/tax/pph_4_2/BPK_PPH42_PP34_001.pdf,2f5af8d0c92628fa4f1a0607b41bc20a25cc76b74878dc678b2a24f0f29ddad6,pph_4_2,rental,id,PP 34 Tahun 2017,2018-01-02,,2026-09-02,regulation,collected,fetch_verified,berlaku,2026-09-02,BPK_PPH42_PP34_002; KEMENKEU_PPH42_PP34_003,"BPK details page (BPK_PPH42_PP34_002) records 'Status Berlaku', Tanggal Berlaku 02 Januari 2018, and under 'STATUS PERATURAN' only OUTGOING relations — it Mencabut PP 5/2002 and PP 29/1996. JDIH Kemenkeu (KEMENKEU_PPH42_PP34_003) records 'Tanggal Berlaku 06 Sep 2017 - s.d. Dicabut' (in force UNTIL revoked) and a 'Riwayat Dokumen (2)' in which both entries are outgoing 'Mencabut'. NO incoming amendment or revocation is recorded on either page as of the archived retrieval date. Still under_review. Not legally_verified. Accountant/legal reviewer confirmation required before activation.","PDF archived and hashed (1,114,110 bytes). NOT READABLE: /Font=15 but 0 text-showing operators and 14 CCITTFaxDecode image streams — it is a SCAN. Content not read; no fact derives from it. The same instrument IS readable as HTML at DJP_PPH42_PP34_004.",Added in source verification pass v2 (Phase 2).
BPK_PPH42_PP34_002,"PP No. 34 Tahun 2017 (JDIH BPK RI, halaman detail)",Other official,regulation,https://peraturan.bpk.go.id/Details/64693,knowledge/indonesia_official_kb/raw_sources/tax/pph_4_2/BPK_PPH42_PP34_002.html,b55b5439d6d1f363734e5f4ec11e14b287ad8f92d59426698bd621c5963f330e,pph_4_2,rental,id,PP 34 Tahun 2017,2018-01-02,,2026-09-02,regulation,collected,fetch_verified,berlaku,2026-09-02,BPK_PPH42_PP34_002; KEMENKEU_PPH42_PP34_003,"BPK details page (BPK_PPH42_PP34_002) records 'Status Berlaku', Tanggal Berlaku 02 Januari 2018, and under 'STATUS PERATURAN' only OUTGOING relations — it Mencabut PP 5/2002 and PP 29/1996. JDIH Kemenkeu (KEMENKEU_PPH42_PP34_003) records 'Tanggal Berlaku 06 Sep 2017 - s.d. Dicabut' (in force UNTIL revoked) and a 'Riwayat Dokumen (2)' in which both entries are outgoing 'Mencabut'. NO incoming amendment or revocation is recorded on either page as of the archived retrieval date. Still under_review. Not legally_verified. Accountant/legal reviewer confirmation required before activation.",Title confirmed 'PP No. 34 Tahun 2017' (JDIH BPK metadata page). Archived.,Added in source verification pass v2 (Phase 2).
KEMENKEU_PPH42_PP34_003,PP 34 Tahun 2017 (JDIH Kemenkeu),JDIH Kemenkeu,regulation,https://jdih.kemenkeu.go.id/dok/pp-34-tahun-2017,knowledge/indonesia_official_kb/raw_sources/tax/pph_4_2/KEMENKEU_PPH42_PP34_003.html,5e6a4f3db6d7abf9e3f389cfe1a4b31fd46d74a9de7a8a048fe40051d6d2ed1a,pph_4_2,rental,id,PP 34 Tahun 2017,2018-01-02,,2026-09-02,regulation,collected,fetch_verified,berlaku,2026-09-02,BPK_PPH42_PP34_002; KEMENKEU_PPH42_PP34_003,"BPK details page (BPK_PPH42_PP34_002) records 'Status Berlaku', Tanggal Berlaku 02 Januari 2018, and under 'STATUS PERATURAN' only OUTGOING relations — it Mencabut PP 5/2002 and PP 29/1996. JDIH Kemenkeu (KEMENKEU_PPH42_PP34_003) records 'Tanggal Berlaku 06 Sep 2017 - s.d. Dicabut' (in force UNTIL revoked) and a 'Riwayat Dokumen (2)' in which both entries are outgoing 'Mencabut'. NO incoming amendment or revocation is recorded on either page as of the archived retrieval date. Still under_review. Not legally_verified. Accountant/legal reviewer confirmation required before activation.",Title confirmed 'PP 34 TAHUN 2017 - Pajak Penghasilan atas Penghasilan Dari Persewaan Tanah dan/atau Bangunan' (JDIH Kemenkeu). Archived.,Added in source verification pass v2 (Phase 2).
DJP_PPH42_PP34_004,Pajak Penghasilan atas Penghasilan dari Persewaan Tanah dan/atau Bangunan (teks PP 34/2017 di DJP),DJP,regulation,https://www.pajak.go.id/index.php/en/node/59057,knowledge/indonesia_official_kb/raw_sources/tax/pph_4_2/DJP_PPH42_PP34_004.html,c0da95b7cf5c2408ea9241ef702d436a33dabb3c9073eaca851e3ba0bd4d0e33,pph_4_2,rental,id,PP 34 Tahun 2017,2018-01-02,,2026-09-02,regulation,collected,fetch_verified,berlaku,2026-09-02,BPK_PPH42_PP34_002; KEMENKEU_PPH42_PP34_003,"BPK details page (BPK_PPH42_PP34_002) records 'Status Berlaku', Tanggal Berlaku 02 Januari 2018, and under 'STATUS PERATURAN' only OUTGOING relations — it Mencabut PP 5/2002 and PP 29/1996. JDIH Kemenkeu (KEMENKEU_PPH42_PP34_003) records 'Tanggal Berlaku 06 Sep 2017 - s.d. Dicabut' (in force UNTIL revoked) and a 'Riwayat Dokumen (2)' in which both entries are outgoing 'Mencabut'. NO incoming amendment or revocation is recorded on either page as of the archived retrieval date. Still under_review. Not legally_verified. Accountant/legal reviewer confirmation required before activation.","OPERATIVE TEXT READ from archived bytes (20,029 chars). Confirms: Pasal 2(1) rental income from land and/or Bangunan is subject to FINAL income tax; Pasal 4(1) rate is '10% (sepuluh persen) dari jumlah bruto nilai persewaan tanah dan/atau Bangunan'; Pasal 4(2) defines jumlah bruto as ALL amounts paid or owed by the Penyewa in any name or form relating to the rented land/building, INCLUDING biaya perawatan, biaya pemeliharaan, biaya keamanan, biaya layanan dan biaya fasilitas lainnya, 'baik yang perjanjiannya dibuat secara terpisah maupun yang disatukan'; Pasal 3(1)-(2) the Penyewa withholds where it acts or is appointed as Pemotong, and Pemotong includes badan pemerintah and subjek pajak badan dalam negeri; jasa pelayanan penginapan beserta akomodasinya is excluded from the final regime.",Added in source verification pass v2 (Phase 2).
KEMENKEU_PPH23_PMK141_001,"PMK 141/PMK.03/2015 — teks lengkap (PDF, JDIH Kemenkeu)",JDIH Kemenkeu,regulation,https://jdih.kemenkeu.go.id/api/download/fullText/2015/141~PMK.03~2015Per.pdf,knowledge/indonesia_official_kb/raw_sources/tax/pph_23/KEMENKEU_PPH23_PMK141_001.pdf,cd107a9b7de8ad12b6eff1e3cf64f512b712f63ce58e62b3dba2a35d6ccbf1f4,pph_23,jasa_lain,id,141/PMK.03/2015,2015-07-24,,2026-09-02,regulation,collected,fetch_verified,berlaku,2026-09-02,BPK_PPH23_PMK141_002; KEMENKEU_PPH23_PMK141_004,"JDIH Kemenkeu details page (KEMENKEU_PPH23_PMK141_004) records status 'Berlaku', 'Tanggal Berlaku 24 Jul 2015 - s.d. Dicabut' (in force UNTIL revoked), and a 'Riwayat Dokumen (1)' whose single entry is OUTGOING — this PMK Mencabut PMK 244/PMK.03/2008. BPK details page (BPK_PPH23_PMK141_002) records 'Status Berlaku'. CAVEAT recorded honestly: BPK's 'STATUS PERATURAN' section for this PMK reads 'Belum Tersedia', so BPK holds no relationship data — absence of a recorded amendment there is not evidence of absence. FALSE-POSITIVE NOTE: the string 'Diubah' appears 3x on these pages but belongs to the TITLE of UU PPh ('...Nomor 7 Tahun 1983 ... Sebagaimana Telah Beberapa Kali Diubah Terakhir Dengan Undang-Undang Nomor 36 Tahun 2008') and does NOT indicate that the PMK itself was amended. Still under_review. Not legally_verified. Accountant/legal reviewer confirmation required before activation.","PDF archived and hashed (598,778 bytes). NOT READABLE by the repo extractor (text_available=false) although 117 /Font objects and ~72 text operators are present — a CID/encoding issue, not an empty file. Content not read from this artifact; the same instrument IS readable as HTML at DJP_PPH23_PMK141_003.",Added in source verification pass v2 (Phase 2).
BPK_PPH23_PMK141_002,"PMK No. 141/PMK.03/2015 (JDIH BPK RI, halaman detail)",Other official,regulation,https://peraturan.bpk.go.id/Details/115652/pmk-no-141pmk032015,knowledge/indonesia_official_kb/raw_sources/tax/pph_23/BPK_PPH23_PMK141_002.html,c1605b55c5031077a750d79af4c7ec7165822aebbc2651f1cea7b3d6bfd7dee2,pph_23,jasa_lain,id,141/PMK.03/2015,2015-07-24,,2026-09-02,regulation,collected,fetch_verified,berlaku,2026-09-02,BPK_PPH23_PMK141_002; KEMENKEU_PPH23_PMK141_004,"JDIH Kemenkeu details page (KEMENKEU_PPH23_PMK141_004) records status 'Berlaku', 'Tanggal Berlaku 24 Jul 2015 - s.d. Dicabut' (in force UNTIL revoked), and a 'Riwayat Dokumen (1)' whose single entry is OUTGOING — this PMK Mencabut PMK 244/PMK.03/2008. BPK details page (BPK_PPH23_PMK141_002) records 'Status Berlaku'. CAVEAT recorded honestly: BPK's 'STATUS PERATURAN' section for this PMK reads 'Belum Tersedia', so BPK holds no relationship data — absence of a recorded amendment there is not evidence of absence. FALSE-POSITIVE NOTE: the string 'Diubah' appears 3x on these pages but belongs to the TITLE of UU PPh ('...Nomor 7 Tahun 1983 ... Sebagaimana Telah Beberapa Kali Diubah Terakhir Dengan Undang-Undang Nomor 36 Tahun 2008') and does NOT indicate that the PMK itself was amended. Still under_review. Not legally_verified. Accountant/legal reviewer confirmation required before activation.",Title confirmed 'PMK No. 141/PMK.03/2015' (JDIH BPK metadata page). Archived.,Added in source verification pass v2 (Phase 2).
DJP_PPH23_PMK141_003,Jenis Jasa Lain sebagaimana dimaksud dalam Pasal 23 ayat (1) huruf c angka 2 UU PPh (teks PMK 141/2015 di DJP),DJP,regulation,https://www.pajak.go.id/en/node/63200,knowledge/indonesia_official_kb/raw_sources/tax/pph_23/DJP_PPH23_PMK141_003.html,21ce9d3d7991b109aad027a53b8c0c1e30bee3c95013faa74c50f0e4f41a10d1,pph_23,jasa_lain,id,141/PMK.03/2015,2015-07-24,,2026-09-02,regulation,collected,fetch_verified,berlaku,2026-09-02,BPK_PPH23_PMK141_002; KEMENKEU_PPH23_PMK141_004,"JDIH Kemenkeu details page (KEMENKEU_PPH23_PMK141_004) records status 'Berlaku', 'Tanggal Berlaku 24 Jul 2015 - s.d. Dicabut' (in force UNTIL revoked), and a 'Riwayat Dokumen (1)' whose single entry is OUTGOING — this PMK Mencabut PMK 244/PMK.03/2008. BPK details page (BPK_PPH23_PMK141_002) records 'Status Berlaku'. CAVEAT recorded honestly: BPK's 'STATUS PERATURAN' section for this PMK reads 'Belum Tersedia', so BPK holds no relationship data — absence of a recorded amendment there is not evidence of absence. FALSE-POSITIVE NOTE: the string 'Diubah' appears 3x on these pages but belongs to the TITLE of UU PPh ('...Nomor 7 Tahun 1983 ... Sebagaimana Telah Beberapa Kali Diubah Terakhir Dengan Undang-Undang Nomor 36 Tahun 2008') and does NOT indicate that the PMK itself was amended. Still under_review. Not legally_verified. Accountant/legal reviewer confirmation required before activation.","OPERATIVE TEXT READ from archived bytes (18,821 chars). Confirms: imbalan for jasa lain not already withheld under Pasal 21 is withheld at '2% (dua persen) dari jumlah bruto TIDAK TERMASUK PAJAK PERTAMBAHAN NILAI'; exempted where the imbalan is already subject to final PPh; and the enumerated jasa lain list includes 'd. Jasa hukum' (legal services), alongside jasa penilai, aktuaris, akuntansi, arsitektur, perancang, outsourcing, perantara/keagenan, jasa software/hardware/sistem komputer, and others.",Added in source verification pass v2 (Phase 2).
DJP_PPH23_PENGACARA_004,Pengacara — perlakuan PPh atas jasa pengacara,DJP,official_guidance,https://pajak.go.id/en/node/38170,knowledge/indonesia_official_kb/raw_sources/tax/pph_23/DJP_PPH23_PENGACARA_004.html,c9e1f4b0c7179f5bfaa0b99fa9e5bfe24abec569c9b34005ed74f7e8a6723bd1,pph_23,legal_services,id,,,,2026-09-02,official_guidance,collected,fetch_verified,,,,,"Title confirmed 'Pengacara'. Archived (18,041 chars); content not mined this pass.",Added in source verification pass v2 (Phase 2).
KEMENKEU_PPH23_PMK141_004,141/PMK.03/2015 — halaman detail & riwayat dokumen (JDIH Kemenkeu),JDIH Kemenkeu,portal_page,https://jdih.kemenkeu.go.id/dok/141-pmk-03-2015,knowledge/indonesia_official_kb/raw_sources/tax/pph_23/KEMENKEU_PPH23_PMK141_004.html,af20708ebc18b9d05f88b467dc349919cd18b72f0c4b60d8672fd071647f0e9b,pph_23,currentness_status,id,141/PMK.03/2015,2015-08-26,,2026-09-02,official_guidance,collected,fetch_verified,berlaku,2026-09-02,BPK_PPH23_PMK141_002; KEMENKEU_PPH23_PMK141_004,"JDIH Kemenkeu details page (KEMENKEU_PPH23_PMK141_004) records status 'Berlaku', 'Tanggal Berlaku 24 Jul 2015 - s.d. Dicabut' (in force UNTIL revoked), and a 'Riwayat Dokumen (1)' whose single entry is OUTGOING — this PMK Mencabut PMK 244/PMK.03/2008. BPK details page (BPK_PPH23_PMK141_002) records 'Status Berlaku'. CAVEAT recorded honestly: BPK's 'STATUS PERATURAN' section for this PMK reads 'Belum Tersedia', so BPK holds no relationship data — absence of a recorded amendment there is not evidence of absence. FALSE-POSITIVE NOTE: the string 'Diubah' appears 3x on these pages but belongs to the TITLE of UU PPh ('...Nomor 7 Tahun 1983 ... Sebagaimana Telah Beberapa Kali Diubah Terakhir Dengan Undang-Undang Nomor 36 Tahun 2008') and does NOT indicate that the PMK itself was amended. Still under_review. Not legally_verified. Accountant/legal reviewer confirmation required before activation.",CURRENTNESS EVIDENCE read from archived bytes: status 'Berlaku'; 'Tanggal Berlaku 24 Jul 2015 - s.d. Dicabut'; 'Riwayat Dokumen (1)' single OUTGOING entry (this PMK mencabut PMK 244/PMK.03/2008). No incoming amendment or revocation recorded.,Added in currentness-evidence patch (Phase 2 final).
